id,vendor_id,pickup_datetime,dropoff_datetime,passenger_count
id2875421,2,3/14/2016 17:24,3/14/2016 17:32,1
id2377394,1,6/12/2016 0:43,6/12/2016 0:54,1
id3858529,2,1/19/2016 11:35,1/19/2016 12:10,1
id3504673,2,4/6/2016 19:32,4/6/2016 19:39,1
id2181028,2,3/26/2016 13:30,3/26/2016 13:38,1
id0801584,2,1/30/2016 22:01,1/30/2016 22:09,6
id1813257,1,6/17/2016 22:34,6/17/2016 22:40,4
id1324603,2,5/21/2016 7:54,5/21/2016 8:20,1
id1301050,1,5/27/2016 23:12,5/27/2016 23:16,1
id0012891,2,3/10/2016 21:45,3/10/2016 22:05,1
id1436371,2,5/10/2016 22:08,5/10/2016 22:29,1
id1299289,2,5/15/2016 11:16,5/15/2016 11:34,4
id1187965,2,2/19/2016 9:52,2/19/2016 10:11,2
id0799785,2,6/1/2016 20:58,6/1/2016 21:02,1
id2900608,2,5/27/2016 0:43,5/27/2016 1:07,1
id3319787,1,5/16/2016 15:29,5/16/2016 15:32,1
id3379579,2,4/11/2016 17:29,4/11/2016 18:08,1
id1154431,1,4/14/2016 8:48,4/14/2016 9:00,1
id3552682,1,6/27/2016 9:55,6/27/2016 10:17,1
id3390316,2,6/5/2016 13:47,6/5/2016 13:51,1
id2070428,1,2/28/2016 2:23,2/28/2016 2:31,1
id0809232,2,4/1/2016 12:12,4/1/2016 12:23,1
id2352683,1,4/9/2016 3:34,4/9/2016 3:41,1
id1603037,1,6/25/2016 10:36,6/25/2016 10:55,1
id3321406,2,6/3/2016 8:15,6/3/2016 8:56,1
id0129640,2,2/14/2016 13:27,2/14/2016 13:49,1
id3587298,1,2/27/2016 21:56,2/27/2016 22:14,1
id2104175,1,6/20/2016 23:07,6/20/2016 23:18,1
id3973319,2,6/13/2016 21:57,6/13/2016 22:12,1
id1410897,1,3/23/2016 14:10,3/23/2016 14:49,1
id0266980,1,5/17/2016 10:47,5/17/2016 11:12,1
id2822549,2,5/21/2016 13:03,5/21/2016 13:20,1
id3075902,2,5/10/2016 19:27,5/10/2016 19:44,2
id0023813,1,4/17/2016 14:38,4/17/2016 15:16,1
id3970352,1,1/9/2016 12:55,1/9/2016 13:07,1
id3361153,1,3/11/2016 7:11,3/11/2016 7:20,1
id1870624,1,1/5/2016 15:29,1/5/2016 15:39,3
id2403238,1,6/23/2016 23:00,6/23/2016 23:04,1
id3323083,1,5/27/2016 14:26,5/27/2016 14:46,2
id3720663,1,5/10/2016 16:14,5/10/2016 16:40,1
id0578558,1,4/21/2016 21:28,4/21/2016 21:52,2
id2573056,2,4/14/2016 13:27,4/14/2016 13:46,2
id2129090,1,3/14/2016 14:05,3/14/2016 14:28,1
id3961107,1,3/19/2016 1:12,3/19/2016 1:18,1
id3326491,2,2/12/2016 7:41,2/12/2016 7:51,1
id0718344,2,6/13/2016 15:52,6/13/2016 16:16,1
id3188770,1,1/3/2016 16:59,1/3/2016 17:04,1
id1956279,2,2/26/2016 8:37,2/26/2016 8:43,1
id2391523,1,5/18/2016 21:50,5/18/2016 22:10,3
id2662609,1,4/10/2016 19:11,4/10/2016 19:25,1
id2067879,2,1/19/2016 23:19,1/19/2016 23:44,1
id1939961,1,5/7/2016 13:18,5/7/2016 13:46,1
id0675800,2,2/15/2016 9:25,2/15/2016 9:35,6
id2569332,1,4/13/2016 14:24,4/13/2016 14:30,1
id0526266,2,5/15/2016 9:42,5/15/2016 9:56,1
id3827863,2,4/19/2016 11:29,4/19/2016 12:27,3
id1388344,2,1/2/2016 15:41,1/2/2016 16:01,2
id1079955,1,4/22/2016 11:28,4/22/2016 12:11,1
id0256505,1,3/14/2016 15:04,3/14/2016 15:16,1
id1530524,1,3/19/2016 17:41,3/19/2016 17:48,1
id1674872,1,2/29/2016 2:46,2/29/2016 2:55,1
id1040444,2,1/7/2016 17:01,1/7/2016 17:13,4
id1674996,1,5/13/2016 12:32,5/13/2016 12:40,1
id1965939,1,5/24/2016 12:16,5/24/2016 12:28,1
id0442192,1,4/10/2016 16:07,4/10/2016 16:10,1
id0515898,2,5/21/2016 17:38,5/21/2016 17:46,1
id1182327,2,2/29/2016 11:22,2/29/2016 11:35,1
id3913101,1,6/25/2016 22:05,6/25/2016 22:22,2
id1680350,1,3/18/2016 20:56,3/18/2016 20:59,1
id0913838,2,2/3/2016 16:22,2/3/2016 16:37,5
id3896508,2,6/7/2016 22:32,6/7/2016 22:46,1
id2846400,2,3/16/2016 20:13,3/16/2016 20:23,1
id1510700,2,2/20/2016 21:58,2/20/2016 21:59,1
id0813128,2,2/20/2016 18:57,2/20/2016 19:07,2
id1158195,1,3/24/2016 17:58,3/24/2016 18:36,1
id0959273,1,3/20/2016 23:16,3/20/2016 23:27,1
id0739660,1,5/16/2016 13:07,5/16/2016 13:34,3
id3769871,1,6/17/2016 17:32,6/17/2016 18:11,1
id1818021,1,3/23/2016 0:34,3/23/2016 0:45,1
id0982165,2,4/12/2016 21:29,4/12/2016 21:49,1
id1519515,2,6/11/2016 12:52,6/11/2016 13:12,1
id1082443,2,2/25/2016 14:56,2/25/2016 15:09,1
id2934884,2,1/7/2016 19:32,1/7/2016 19:40,1
id1205949,1,6/5/2016 18:43,6/5/2016 18:46,1
id2592310,2,6/13/2016 7:20,6/13/2016 7:24,1
id0883711,1,1/16/2016 21:22,1/16/2016 21:42,1
id0283075,1,4/6/2016 23:42,4/7/2016 0:12,1
id2107497,1,5/13/2016 20:46,5/13/2016 21:06,2
id2090852,2,1/28/2016 11:25,1/28/2016 11:30,1
id1297351,2,6/24/2016 14:24,6/24/2016 14:32,1
id0667605,2,5/27/2016 16:17,5/27/2016 16:23,1
id1476107,1,5/22/2016 15:41,5/22/2016 15:48,1
id0673727,2,5/18/2016 19:15,5/18/2016 19:44,1
id2030290,1,3/31/2016 11:33,3/31/2016 12:12,3
id3770790,1,2/13/2016 13:12,2/13/2016 13:19,1
id3025098,2,1/20/2016 19:21,1/20/2016 19:31,1
id3333094,2,6/2/2016 23:34,6/2/2016 23:41,1
id2228940,1,2/4/2016 13:22,2/4/2016 13:40,1
id2102594,1,3/30/2016 16:14,3/30/2016 17:01,1
id0010677,1,4/29/2016 10:40,4/29/2016 10:53,2
id3194108,1,6/1/2016 11:48,6/1/2016 12:19,1
id2063827,1,5/18/2016 21:09,5/18/2016 21:18,1
id0105610,1,2/19/2016 20:01,2/19/2016 20:35,3
id3502065,1,3/15/2016 21:03,3/15/2016 21:14,1
id3508035,2,6/6/2016 20:13,6/6/2016 20:45,6
id3236276,2,1/27/2016 8:07,1/27/2016 8:24,1
id3277902,1,4/9/2016 15:04,4/9/2016 15:11,1
id2335059,1,5/27/2016 11:10,5/27/2016 11:26,4
id2300865,1,5/10/2016 10:31,5/10/2016 10:35,1
id3962434,2,1/10/2016 8:45,1/10/2016 8:51,2
id2677672,1,2/18/2016 17:47,2/18/2016 17:54,2
id0589360,1,5/22/2016 17:34,5/22/2016 18:20,1
id0970832,1,3/12/2016 20:39,3/12/2016 21:05,1
id0694434,1,1/26/2016 23:40,1/26/2016 23:48,1
id3729136,2,1/30/2016 15:15,1/30/2016 15:30,2
id2358953,2,6/27/2016 0:31,6/27/2016 1:06,1
id0935429,1,5/2/2016 6:58,5/2/2016 7:08,1
id3056417,2,4/11/2016 14:18,4/11/2016 14:34,1
id1152886,2,1/21/2016 14:34,1/21/2016 14:44,1
id1796723,1,2/9/2016 15:54,2/9/2016 16:04,1
id0045014,1,4/20/2016 20:29,4/20/2016 20:39,1
id2648478,1,1/18/2016 11:13,1/18/2016 11:18,1
id0702030,1,1/7/2016 23:24,1/7/2016 23:26,1
id3024438,2,6/10/2016 22:24,6/10/2016 22:41,1
id2146569,2,6/23/2016 22:17,6/23/2016 22:21,1
id2307151,1,2/7/2016 18:08,2/7/2016 18:15,1
id2049424,2,3/2/2016 20:15,3/2/2016 20:37,1
id2209089,1,2/24/2016 22:56,2/24/2016 23:03,1
id0391524,1,4/6/2016 12:14,4/6/2016 12:33,1
id2681033,1,6/17/2016 10:01,6/17/2016 10:16,1
id2040275,1,6/16/2016 20:31,6/16/2016 20:36,1
id0073842,2,3/30/2016 23:49,3/30/2016 23:56,1
id3942339,1,1/5/2016 17:58,1/5/2016 18:13,1
id2991616,2,3/19/2016 19:51,3/19/2016 20:04,3
id1047459,2,1/22/2016 17:31,1/22/2016 17:37,3
id1737558,1,5/18/2016 19:08,5/18/2016 19:12,1
id2135557,2,5/25/2016 13:19,5/25/2016 13:27,5
id0659170,2,3/26/2016 13:07,3/26/2016 13:29,1
id1125774,1,1/19/2016 22:20,1/19/2016 22:28,2
id1886740,1,5/29/2016 0:15,5/29/2016 0:24,1
id1982306,2,2/10/2016 21:06,2/10/2016 21:09,2
id2684106,2,2/26/2016 20:59,2/26/2016 21:14,2
id0038484,2,3/9/2016 13:41,3/9/2016 13:53,2
id1734208,2,4/11/2016 10:44,4/11/2016 10:56,6
id0561467,1,2/9/2016 6:58,2/9/2016 7:12,1
id3092788,2,3/3/2016 22:01,3/3/2016 22:17,2
id1741519,2,3/26/2016 14:47,3/26/2016 14:53,1
id1330402,2,5/22/2016 18:06,5/22/2016 18:16,1
id2505596,2,5/28/2016 22:53,5/28/2016 23:07,1
id1630509,2,3/16/2016 5:42,3/16/2016 5:45,2
id0512853,1,5/28/2016 17:40,5/28/2016 17:56,1
id3089912,2,6/13/2016 13:22,6/13/2016 13:31,2
id1137965,1,5/16/2016 15:02,5/16/2016 15:08,1
id3677225,2,1/9/2016 15:07,1/9/2016 15:12,1
id0401226,1,5/26/2016 6:37,5/26/2016 6:52,4
id2452605,2,5/22/2016 22:42,5/22/2016 22:46,1
id3618302,2,4/19/2016 9:27,4/19/2016 9:45,6
id1552358,2,4/1/2016 7:55,4/1/2016 8:10,1
id1168234,1,2/1/2016 18:02,2/1/2016 18:13,1
id2910320,2,4/20/2016 7:33,4/20/2016 7:56,1
id3331830,1,4/12/2016 9:21,4/12/2016 9:35,1
id0195963,2,6/19/2016 18:39,6/19/2016 18:48,1
id0762989,2,3/17/2016 8:24,3/17/2016 8:26,1
id2671060,2,4/7/2016 8:44,4/7/2016 8:51,1
id3620795,1,1/1/2016 10:45,1/1/2016 10:51,1
id2282206,1,1/4/2016 16:32,1/4/2016 16:51,2
id0591292,1,6/9/2016 18:43,6/9/2016 19:07,1
id0906779,1,4/19/2016 8:31,4/19/2016 9:14,2
id2326430,2,6/10/2016 22:06,6/10/2016 22:23,1
id3863815,2,3/14/2016 4:24,3/14/2016 4:37,3
id3048297,2,4/6/2016 8:53,4/6/2016 9:14,1
id3649509,1,4/2/2016 14:46,4/2/2016 15:06,2
id1783063,2,4/6/2016 12:24,4/6/2016 12:40,2
id3363012,2,4/12/2016 20:22,4/12/2016 20:24,1
id0514638,1,2/10/2016 8:36,2/10/2016 8:42,1
id0627115,2,2/26/2016 16:10,2/26/2016 16:23,1
id3141299,2,1/14/2016 12:25,1/14/2016 12:37,3
id2003497,1,4/15/2016 11:58,4/15/2016 12:09,2
id3748197,1,2/7/2016 23:17,2/7/2016 23:25,1
id2983261,1,4/15/2016 14:41,4/15/2016 14:47,1
id0485870,2,6/19/2016 20:23,6/19/2016 20:29,1
id0835694,1,1/15/2016 19:25,1/15/2016 19:31,1
id3426410,2,2/18/2016 9:27,2/18/2016 9:45,5
id3673678,2,1/31/2016 13:52,1/31/2016 14:03,1
id2460349,1,1/7/2016 15:40,1/7/2016 15:49,2
id3198639,1,6/5/2016 3:02,6/5/2016 3:14,1
id1872601,2,5/31/2016 19:16,5/31/2016 19:27,2
id0125957,1,6/14/2016 21:16,6/14/2016 21:21,2
id3526986,2,2/23/2016 13:28,2/23/2016 13:40,1
id3170873,1,6/30/2016 21:35,6/30/2016 21:46,1
id1674373,2,2/15/2016 17:52,2/15/2016 18:02,5
id2973697,2,4/7/2016 22:52,4/7/2016 23:10,2
id1592044,1,1/29/2016 11:23,1/29/2016 11:33,1
id3899813,2,6/1/2016 20:15,6/1/2016 20:34,5
id2075052,1,4/9/2016 9:09,4/9/2016 9:20,1
id3707411,1,1/3/2016 2:03,1/3/2016 2:17,1
id1608545,1,4/14/2016 8:31,4/14/2016 9:03,1
id3517425,2,1/16/2016 20:34,1/16/2016 20:51,6
id3942917,1,4/29/2016 14:18,4/29/2016 15:05,4
id2000923,2,3/29/2016 6:07,3/29/2016 6:09,5
id3564028,1,1/2/2016 1:16,1/2/2016 1:19,1
id1233453,1,2/5/2016 17:28,2/5/2016 17:30,1
id1372674,2,5/22/2016 13:08,5/22/2016 13:21,1
id2806146,2,5/28/2016 21:31,5/28/2016 21:41,1
id1832737,2,3/6/2016 10:53,3/6/2016 10:59,1
id1489766,2,5/31/2016 19:53,5/31/2016 20:00,1
id3308765,2,5/17/2016 18:00,5/17/2016 18:10,4
id1935437,2,4/24/2016 9:09,4/24/2016 9:37,1
id2059551,2,4/1/2016 9:28,4/1/2016 9:42,1
id2433939,1,5/16/2016 13:05,5/16/2016 13:33,3
id2677357,2,2/15/2016 16:36,2/15/2016 16:41,2
id2336715,2,1/1/2016 0:09,1/1/2016 0:19,2
id3525276,1,3/24/2016 18:27,3/24/2016 18:32,1
id3729126,1,1/4/2016 14:20,1/4/2016 14:36,1
id1073968,1,3/15/2016 9:44,3/15/2016 10:07,1
id0562336,2,6/15/2016 10:17,6/15/2016 10:27,2
id1163958,1,3/18/2016 7:48,3/18/2016 7:53,1
id1681877,1,4/26/2016 14:42,4/26/2016 14:57,1
id0945119,2,5/2/2016 18:29,5/2/2016 18:38,6
id2939783,1,4/12/2016 10:11,4/12/2016 10:34,1
id2050990,2,6/20/2016 21:05,6/20/2016 21:47,1
id3780362,2,5/8/2016 21:13,5/8/2016 21:16,2
id2233338,2,1/14/2016 19:14,1/14/2016 19:23,2
id1445390,2,1/19/2016 8:00,1/19/2016 8:17,3
id0345679,2,3/22/2016 20:24,3/22/2016 20:33,1
id0570525,1,2/25/2016 15:30,2/25/2016 15:35,1
id0872662,2,2/13/2016 8:10,2/13/2016 8:12,3
id3114338,2,5/23/2016 20:42,5/23/2016 20:51,1
id2718231,1,3/8/2016 2:44,3/8/2016 3:04,1
id0618376,2,1/11/2016 6:21,1/11/2016 6:25,1
id1697059,1,6/26/2016 15:10,6/26/2016 15:23,1
id1868620,2,6/18/2016 0:41,6/18/2016 1:10,1
id0000569,1,1/3/2016 19:51,1/3/2016 19:53,3
id0952827,2,3/25/2016 0:22,3/25/2016 0:36,1
id0464363,2,4/25/2016 19:43,4/25/2016 19:47,1
id0608846,2,5/25/2016 13:45,5/25/2016 13:57,1
id3567125,1,4/10/2016 3:13,4/10/2016 3:57,1
id3996183,1,6/17/2016 8:54,6/17/2016 9:06,1
id1474156,1,6/25/2016 7:30,6/25/2016 7:48,2
id0695483,1,2/6/2016 16:02,2/6/2016 16:15,3
id3609971,1,6/14/2016 9:20,6/14/2016 9:43,1
id3956459,2,3/5/2016 10:23,3/5/2016 10:45,1
id0088231,2,6/8/2016 23:02,6/8/2016 23:19,3
id1957034,1,2/2/2016 18:28,2/2/2016 19:09,1
id1838067,2,4/1/2016 12:46,4/1/2016 12:52,1
id3342568,1,1/3/2016 3:33,1/3/2016 4:09,1
id3487442,2,2/29/2016 18:39,2/29/2016 18:42,1
id1401963,1,6/18/2016 6:53,6/18/2016 7:19,1
id1597742,2,4/11/2016 19:50,4/11/2016 19:58,5
id3271420,2,4/24/2016 19:25,4/24/2016 19:32,4
id0850673,2,2/20/2016 13:06,2/20/2016 13:23,1
id0171820,2,5/25/2016 6:40,5/25/2016 6:43,1
id0514543,2,2/26/2016 18:45,2/26/2016 19:04,1
id1991106,1,6/11/2016 14:22,6/11/2016 14:31,1
id2142187,1,5/19/2016 20:47,5/19/2016 20:59,1
id0526379,1,4/29/2016 4:28,4/29/2016 4:39,1
id2548131,1,5/31/2016 23:12,5/31/2016 23:28,2
id2452855,2,5/14/2016 3:27,5/14/2016 3:51,1
id0315726,2,6/4/2016 3:14,6/4/2016 3:35,1
id2527828,2,2/17/2016 17:39,2/17/2016 18:08,1
id1630336,1,4/25/2016 23:18,4/25/2016 23:30,1
id2353964,2,4/30/2016 7:44,4/30/2016 7:49,1
id2393811,1,3/10/2016 18:52,3/10/2016 19:08,1
id1774339,1,4/11/2016 17:41,4/11/2016 17:46,1
id1610798,2,1/25/2016 23:32,1/25/2016 23:42,1
id2452120,1,4/18/2016 18:27,4/18/2016 18:42,2
id2693088,2,4/23/2016 23:28,4/23/2016 23:43,2
id0828675,1,6/23/2016 7:16,6/23/2016 7:21,1
id1636593,2,4/25/2016 17:37,4/25/2016 18:23,1
id0747713,2,1/17/2016 3:24,1/17/2016 3:27,1
id3655477,2,3/24/2016 13:35,3/24/2016 13:48,1
id0642318,2,4/4/2016 9:21,4/4/2016 9:37,1
id2390585,1,2/24/2016 11:45,2/24/2016 12:08,1
id0369319,2,2/8/2016 18:24,2/8/2016 18:28,1
id0720321,1,6/21/2016 18:09,6/21/2016 18:16,1
id0860600,1,1/6/2016 15:23,1/6/2016 15:38,1
id1977372,2,4/1/2016 13:33,4/1/2016 14:00,1
id2437858,2,3/27/2016 11:55,3/27/2016 12:05,5
id2165807,1,4/8/2016 20:19,4/8/2016 20:23,2
id1638921,1,5/27/2016 17:58,5/27/2016 18:16,1
id0631726,2,4/23/2016 15:58,4/23/2016 16:03,1
id1947466,2,4/21/2016 12:32,4/21/2016 12:37,6
id1723822,1,6/16/2016 12:35,6/16/2016 12:45,3
id1144791,2,1/6/2016 13:39,1/6/2016 13:49,1
id1497423,1,2/25/2016 13:40,2/25/2016 13:54,1
id2917044,1,4/2/2016 15:35,4/2/2016 15:55,1
id2538816,1,2/13/2016 17:59,2/13/2016 18:03,1
id2808378,1,3/9/2016 17:11,3/9/2016 17:28,1
id2015130,2,5/21/2016 3:13,5/21/2016 3:20,1
id1062725,1,6/8/2016 5:51,6/8/2016 5:57,1
id3792892,1,5/1/2016 2:40,5/1/2016 3:02,1
id0924324,2,5/10/2016 18:07,5/10/2016 18:26,2
id1295254,1,3/6/2016 11:01,3/6/2016 11:08,1
id0222570,2,4/20/2016 19:14,4/20/2016 19:29,1
id3680395,1,5/19/2016 18:57,5/19/2016 18:59,1
id0552144,2,5/4/2016 18:04,5/4/2016 18:38,1
id2034899,2,2/11/2016 11:03,2/11/2016 11:09,1
id1283389,1,4/6/2016 0:52,4/6/2016 1:07,1
id2040373,2,3/18/2016 7:54,3/18/2016 8:02,3
id2124906,2,5/3/2016 8:28,5/3/2016 8:35,1
id1660823,2,3/1/2016 6:40,3/1/2016 7:01,5
id0989891,1,5/3/2016 4:40,5/3/2016 4:51,2
id2679117,1,2/3/2016 7:57,2/3/2016 8:02,1
id2145001,2,4/27/2016 9:05,4/27/2016 9:12,1
id3427182,1,6/3/2016 11:40,6/3/2016 11:57,1
id2346299,2,6/17/2016 11:46,6/17/2016 11:57,1
id0105984,1,6/26/2016 11:17,6/26/2016 11:30,1
id1587327,1,3/29/2016 21:19,3/29/2016 21:24,3
id2519393,1,6/25/2016 13:48,6/25/2016 13:58,1
id1009714,1,6/20/2016 22:40,6/20/2016 22:48,1
id1027675,2,1/23/2016 8:46,1/23/2016 9:06,1
id0802391,1,3/6/2016 17:44,3/6/2016 17:52,1
id2597894,1,5/14/2016 14:02,5/14/2016 14:27,1
id1949220,1,4/2/2016 4:24,4/2/2016 4:43,1
id3389249,2,5/4/2016 11:02,5/4/2016 11:12,1
id3245042,2,4/2/2016 16:01,4/2/2016 16:13,1
id1285469,2,2/23/2016 9:19,2/23/2016 9:39,1
id3482709,2,3/21/2016 11:22,3/21/2016 11:24,1
id0496379,1,3/24/2016 16:19,3/24/2016 16:32,1
id1703171,2,1/30/2016 22:42,1/30/2016 23:23,5
id2268459,1,3/2/2016 7:02,3/2/2016 7:24,1
id3013319,2,2/15/2016 22:28,2/15/2016 22:30,1
id1265097,2,5/13/2016 2:21,5/13/2016 2:24,1
id2954399,1,6/27/2016 11:22,6/27/2016 11:23,1
id3152963,1,4/9/2016 22:33,4/9/2016 22:41,2
id1904421,2,6/11/2016 17:48,6/11/2016 18:01,2
id3611647,1,5/19/2016 10:44,5/19/2016 11:02,1
id0910982,1,5/21/2016 19:58,5/21/2016 20:10,1
id2640178,1,2/15/2016 16:12,2/15/2016 16:31,1
id0030324,1,1/9/2016 6:26,1/9/2016 6:31,1
id3883723,2,2/25/2016 1:46,2/25/2016 1:57,2
id0674885,1,6/30/2016 7:37,6/30/2016 7:43,1
id3260324,2,2/7/2016 8:24,2/7/2016 8:38,1
id1561466,2,4/29/2016 20:21,4/29/2016 20:56,1
id2106816,1,6/30/2016 10:53,6/30/2016 11:03,1
id2605569,1,5/8/2016 2:57,5/8/2016 3:02,2
id3293082,2,2/6/2016 19:50,2/6/2016 20:04,5
id0790613,1,5/20/2016 14:04,5/20/2016 14:33,1
id0202431,1,2/17/2016 12:02,2/17/2016 12:18,1
id2084457,2,2/1/2016 8:41,2/1/2016 8:49,3
id2595331,2,4/29/2016 12:18,4/29/2016 12:29,1
id3448735,1,1/27/2016 6:45,1/27/2016 6:51,1
id1431322,1,2/21/2016 13:21,2/21/2016 13:34,2
id0130751,1,2/28/2016 19:47,2/28/2016 20:29,1
id1444884,2,1/6/2016 18:15,1/6/2016 18:31,1
id2797773,1,3/8/2016 8:33,3/8/2016 8:36,1
id0861216,2,1/18/2016 13:00,1/18/2016 13:10,1
id3833049,1,6/22/2016 9:47,6/22/2016 10:02,1
id1633648,1,6/20/2016 14:19,6/20/2016 14:34,1
id3252664,2,6/28/2016 7:17,6/28/2016 7:22,1
id3755869,2,4/24/2016 16:48,4/24/2016 17:04,3
id2440671,2,2/17/2016 17:40,2/17/2016 18:13,1
id1489555,1,5/6/2016 10:37,5/6/2016 11:13,2
id0162579,2,5/13/2016 23:13,5/13/2016 23:19,1
id3402983,2,6/30/2016 15:48,6/30/2016 17:31,1
id1713541,1,5/23/2016 0:09,5/23/2016 0:19,1
id2732066,2,4/27/2016 11:52,4/27/2016 12:16,2
id2445763,1,2/20/2016 23:45,2/20/2016 23:52,1
id3972131,2,6/6/2016 13:43,6/6/2016 13:47,3
id3779357,2,2/22/2016 19:02,2/22/2016 19:12,1
id0931190,1,4/20/2016 14:02,4/20/2016 14:24,1
id1789034,1,4/9/2016 23:41,4/9/2016 23:51,1
id0746372,2,1/22/2016 18:20,1/22/2016 18:23,1
id2567660,2,3/19/2016 18:18,3/19/2016 18:33,1
id1787258,1,5/7/2016 18:40,5/7/2016 18:46,2
id0805117,2,4/15/2016 20:11,4/15/2016 20:22,3
id2828691,2,6/19/2016 0:23,6/19/2016 0:34,2
id2729614,2,2/3/2016 0:14,2/3/2016 0:39,1
id1249988,2,6/10/2016 1:48,6/10/2016 2:09,1
id2463869,2,3/18/2016 10:42,3/18/2016 10:51,1
id2904820,1,3/20/2016 22:51,3/20/2016 23:14,1
id0180594,2,4/28/2016 13:22,4/28/2016 13:30,1
id0749370,1,2/2/2016 18:40,2/2/2016 18:45,1
id2848070,2,6/9/2016 6:54,6/9/2016 7:02,3
id3817493,2,3/14/2016 14:57,3/14/2016 15:15,1
id3129802,1,5/14/2016 5:31,5/14/2016 5:52,1
id3167292,2,1/5/2016 9:53,1/5/2016 9:57,1
id1924450,2,2/27/2016 19:09,2/27/2016 19:23,2
id1794468,2,6/17/2016 14:40,6/17/2016 14:44,1
id0204192,1,2/25/2016 2:35,2/25/2016 2:50,1
id3190007,2,1/7/2016 15:26,1/7/2016 15:38,1
id3348726,1,6/23/2016 8:37,6/23/2016 8:40,1
id3469446,2,2/14/2016 10:40,2/14/2016 10:46,6
id1915949,2,2/4/2016 16:33,2/4/2016 16:54,1
id2899891,1,4/8/2016 15:26,4/8/2016 15:38,1
id0942991,2,2/3/2016 7:32,2/3/2016 7:46,1
id2772912,1,1/28/2016 15:31,1/28/2016 16:14,1
id2851756,2,6/16/2016 10:10,6/16/2016 10:19,1
id0851036,1,4/6/2016 1:26,4/6/2016 1:36,1
id0283106,1,4/26/2016 18:36,4/26/2016 18:59,1
id1697231,2,5/16/2016 19:17,5/16/2016 19:27,2
id3385889,1,2/12/2016 9:44,2/12/2016 10:00,1
id3591274,1,2/6/2016 10:24,2/6/2016 10:26,1
id3269098,2,1/21/2016 15:29,1/21/2016 15:55,1
id3159798,1,2/1/2016 22:20,2/1/2016 22:34,1
id0828941,2,2/25/2016 21:24,2/25/2016 21:47,2
id0995542,2,2/6/2016 6:03,2/6/2016 6:11,1
id0661736,1,5/18/2016 13:54,5/18/2016 14:07,2
id1408423,1,4/30/2016 15:40,4/30/2016 16:17,1
id2476509,2,6/1/2016 20:48,6/1/2016 21:08,1
id1575277,2,6/11/2016 16:59,6/11/2016 17:33,1
id0860703,1,1/31/2016 10:43,1/31/2016 10:56,1
id3211119,1,1/2/2016 22:54,1/2/2016 23:05,1
id2693863,1,3/18/2016 8:22,3/18/2016 9:47,1
id2379416,2,2/14/2016 1:05,2/14/2016 1:21,1
id2452510,2,2/21/2016 19:20,2/21/2016 19:36,6
id0040164,2,6/14/2016 11:48,6/14/2016 11:54,1
id1145809,2,5/16/2016 23:15,5/16/2016 23:31,6
id3214066,1,3/21/2016 20:14,3/21/2016 20:24,1
id0651671,2,2/5/2016 14:56,2/5/2016 15:15,1
id0707492,2,4/12/2016 11:42,4/12/2016 11:48,1
id0599157,2,2/24/2016 20:21,2/24/2016 20:44,2
id1309604,2,4/23/2016 16:10,4/23/2016 16:19,1
id0183474,2,2/14/2016 20:58,2/14/2016 21:09,1
id1399824,1,5/18/2016 18:59,5/18/2016 19:19,1
id0407071,1,1/6/2016 5:58,1/6/2016 6:28,3
id0353238,2,6/23/2016 19:41,6/23/2016 19:55,5
id3974735,2,6/8/2016 0:45,6/8/2016 0:52,1
id3151105,2,1/12/2016 18:55,1/12/2016 19:05,2
id3009814,1,1/28/2016 12:28,1/28/2016 12:32,2
id3148002,2,2/16/2016 16:52,2/16/2016 17:06,1
id3453520,1,4/13/2016 19:14,4/13/2016 19:21,1
id3225079,1,1/14/2016 9:24,1/14/2016 10:00,1
id3842035,1,5/18/2016 4:25,5/18/2016 4:43,1
id2722135,2,2/20/2016 11:43,2/20/2016 11:46,6
id3684742,2,5/24/2016 13:21,5/24/2016 13:40,1
id2026236,1,5/14/2016 17:50,5/14/2016 18:23,1
id3924756,1,2/22/2016 21:34,2/22/2016 21:50,2
id1384906,2,2/25/2016 22:17,2/25/2016 22:33,1
id3588665,2,2/14/2016 14:37,2/14/2016 14:45,4
id2840400,1,2/23/2016 21:10,2/23/2016 21:19,1
id3355874,1,2/4/2016 11:24,2/4/2016 11:42,1
id0363564,2,5/21/2016 12:29,5/21/2016 12:37,2
id0883448,1,4/22/2016 20:10,4/22/2016 20:17,3
id1322536,1,5/6/2016 8:40,5/6/2016 8:48,1
id0559488,2,3/30/2016 8:52,3/30/2016 9:00,6
id3226823,2,3/28/2016 8:02,3/28/2016 8:14,3
id3791668,2,1/6/2016 17:25,1/6/2016 17:27,5
id3170402,2,3/20/2016 7:50,3/20/2016 7:58,1
id3815007,1,5/20/2016 22:05,5/20/2016 22:12,1
id3443107,2,2/12/2016 15:26,2/12/2016 15:31,5
id3942614,2,6/22/2016 4:26,6/22/2016 4:30,1
id1459852,2,5/18/2016 8:22,5/18/2016 8:38,1
id1382741,1,5/11/2016 20:29,5/11/2016 20:35,1
id0531053,1,2/2/2016 9:32,2/2/2016 9:48,1
id0580213,2,3/24/2016 6:57,3/24/2016 7:09,1
id3656168,1,3/28/2016 7:41,3/28/2016 7:49,1
id1971518,1,3/12/2016 13:04,3/12/2016 13:14,1
id3911487,1,3/3/2016 17:56,3/3/2016 18:05,1
id3748596,1,2/28/2016 13:18,2/28/2016 13:30,2
id1485244,1,2/24/2016 23:04,2/24/2016 23:15,1
id0002063,2,4/2/2016 20:48,4/2/2016 20:56,1
id0920470,2,4/12/2016 14:41,4/12/2016 14:46,1
id0487874,2,1/19/2016 10:11,1/19/2016 10:56,1
id1530336,2,3/24/2016 7:36,3/24/2016 7:50,1
id3466354,1,1/17/2016 11:49,1/17/2016 11:56,1
id1545867,2,3/17/2016 19:27,3/17/2016 19:34,1
id1196772,2,6/28/2016 12:08,6/28/2016 12:18,1
id3276198,2,3/14/2016 20:31,3/14/2016 20:36,1
id0739131,1,4/19/2016 21:37,4/19/2016 21:55,1
id1527676,1,3/7/2016 19:38,3/7/2016 19:54,2
id1146853,2,3/5/2016 2:59,3/5/2016 3:20,4
id1891863,1,4/11/2016 14:42,4/11/2016 15:17,1
id0238963,2,1/11/2016 12:42,1/11/2016 13:09,1
id0865346,1,4/3/2016 15:10,4/3/2016 15:44,1
id1641073,2,5/28/2016 18:55,5/28/2016 19:09,1
id0674512,1,4/11/2016 21:58,4/11/2016 22:16,1
id1709044,2,3/19/2016 11:23,3/19/2016 11:31,1
id1637128,2,2/13/2016 9:22,2/13/2016 9:25,1
id2166004,2,1/8/2016 22:03,1/8/2016 22:16,3
id3714906,1,3/1/2016 8:33,3/1/2016 8:40,1
id1002278,1,4/10/2016 1:17,4/10/2016 1:35,1
id2248491,2,4/10/2016 14:43,4/10/2016 14:49,5
id3813882,1,4/23/2016 4:12,4/23/2016 4:17,2
id0290690,2,5/27/2016 18:58,5/27/2016 19:02,1
id0872691,1,4/1/2016 17:08,4/1/2016 17:17,1
id3812360,2,5/31/2016 20:42,5/31/2016 20:51,1
id2111520,2,2/3/2016 20:15,2/3/2016 20:21,2
id2378477,2,2/19/2016 18:23,2/19/2016 18:32,1
id2653245,2,5/20/2016 1:33,5/20/2016 1:46,2
id3908396,2,6/28/2016 13:54,6/28/2016 14:01,2
id3105640,1,1/24/2016 20:35,1/24/2016 21:00,1
id1737882,2,4/25/2016 19:20,4/25/2016 19:34,1
id0998101,2,3/30/2016 20:29,3/30/2016 20:32,6
id0102349,2,5/16/2016 20:29,5/16/2016 20:45,2
id3355382,1,3/25/2016 5:56,3/25/2016 6:06,1
id3381901,1,4/4/2016 14:33,4/4/2016 15:06,1
id0214120,2,5/11/2016 13:03,5/11/2016 13:14,1
id1506453,1,6/16/2016 10:23,6/16/2016 11:10,1
id3259541,2,6/25/2016 16:09,6/25/2016 16:34,1
id2194188,2,6/10/2016 22:16,6/10/2016 22:26,1
id2042535,1,2/12/2016 12:36,2/12/2016 12:47,1
id2419613,1,6/15/2016 19:56,6/15/2016 20:14,1
id2695986,1,5/22/2016 0:59,5/22/2016 1:08,1
id3247633,1,6/29/2016 20:44,6/29/2016 20:57,1
id0194198,2,5/15/2016 14:44,5/15/2016 15:29,4
id0260905,1,1/13/2016 21:06,1/13/2016 21:18,1
id0398807,2,2/23/2016 14:50,2/23/2016 15:07,6
id1428415,1,2/14/2016 20:13,2/14/2016 20:28,1
id3920713,2,1/16/2016 17:56,1/16/2016 18:03,2
id1287069,1,1/12/2016 14:32,1/12/2016 14:52,2
id2654799,2,5/6/2016 4:23,5/6/2016 4:33,2
id1504893,1,1/11/2016 19:16,1/11/2016 19:30,1
id3838936,1,2/15/2016 0:21,2/15/2016 0:24,2
id3953004,2,6/3/2016 20:36,6/3/2016 20:42,5
id3539226,2,5/5/2016 2:49,5/5/2016 2:50,1
id1385785,1,4/1/2016 23:31,4/1/2016 23:50,1
id1647538,1,4/8/2016 19:54,4/8/2016 20:05,1
id3300666,2,5/13/2016 8:00,5/13/2016 8:05,1
id0763508,1,6/10/2016 18:53,6/10/2016 19:02,1
id1638050,1,4/11/2016 23:27,4/11/2016 23:38,1
id3468368,1,2/19/2016 7:22,2/19/2016 7:28,1
id0556588,2,2/15/2016 19:50,2/15/2016 19:57,5
id2975591,1,1/6/2016 12:26,1/6/2016 12:39,1
id1348785,1,1/21/2016 10:33,1/21/2016 10:39,1
id0938598,1,4/30/2016 3:58,4/30/2016 4:05,1
id1937745,2,3/7/2016 18:51,3/7/2016 18:58,2
id1245739,2,5/31/2016 22:34,5/31/2016 23:18,1
id3646418,1,5/18/2016 7:43,5/18/2016 8:05,1
id0610780,1,6/10/2016 8:14,6/10/2016 8:23,1
id1811004,1,1/13/2016 13:53,1/13/2016 14:05,1
id3034691,2,2/23/2016 7:28,2/23/2016 7:41,1
id0815381,2,6/24/2016 15:00,6/24/2016 15:03,1
id0257838,1,6/16/2016 19:18,6/16/2016 19:44,1
id0852257,2,6/14/2016 23:29,6/14/2016 23:48,1
id3193947,2,6/8/2016 21:27,6/8/2016 21:33,3
id0309774,2,1/14/2016 19:54,1/14/2016 19:57,4
id1611149,1,3/26/2016 19:07,3/26/2016 19:23,1
id1290138,1,6/4/2016 8:43,6/4/2016 8:52,1
id1719238,1,5/21/2016 2:41,5/21/2016 2:56,2
id0317057,1,5/3/2016 22:39,5/3/2016 23:02,1
id3307903,2,2/20/2016 4:03,2/21/2016 3:33,3
id0021343,2,3/17/2016 19:44,3/17/2016 20:02,1
id2276933,1,2/6/2016 17:12,2/6/2016 17:27,2
id2625436,2,4/26/2016 18:31,4/26/2016 18:38,1
id2799386,1,4/22/2016 21:30,4/22/2016 21:44,1
id3564443,2,4/21/2016 1:30,4/21/2016 1:34,1
id2566177,1,6/18/2016 8:00,6/18/2016 8:05,2
id0549263,2,2/23/2016 14:11,2/23/2016 14:31,2
id2835129,2,2/1/2016 17:45,2/1/2016 17:51,2
id2487895,1,6/16/2016 10:15,6/16/2016 10:30,1
id2067010,2,3/22/2016 12:36,3/22/2016 13:06,3
id2904998,2,6/23/2016 10:05,6/23/2016 10:24,1
id3405803,2,4/2/2016 14:34,4/2/2016 14:40,1
id0645865,2,1/1/2016 3:49,1/1/2016 3:52,2
id3545530,2,2/8/2016 9:12,2/8/2016 9:21,1
id2139965,1,1/8/2016 17:13,1/8/2016 17:24,2
id1801685,1,2/12/2016 20:59,2/12/2016 21:04,1
id2004798,2,6/12/2016 14:38,6/12/2016 14:57,2
id3131928,2,1/5/2016 20:50,1/5/2016 20:55,2
id0301361,1,4/19/2016 10:59,4/19/2016 11:07,1
id3709717,2,5/21/2016 9:14,5/21/2016 9:25,1
id0131920,2,2/13/2016 17:24,2/13/2016 17:56,1
id2873647,1,1/18/2016 12:54,1/18/2016 13:05,1
id3949616,1,4/28/2016 8:51,4/28/2016 9:05,1
id1773809,2,5/21/2016 19:23,5/21/2016 19:27,1
id3630882,1,1/17/2016 0:24,1/17/2016 0:32,2
id0868843,2,3/20/2016 13:55,3/20/2016 14:02,2
id3806962,2,1/1/2016 15:48,1/1/2016 15:53,6
id1256619,1,1/25/2016 3:24,1/25/2016 3:35,1
id3940741,1,1/26/2016 17:50,1/26/2016 18:04,1
id1135189,1,6/14/2016 9:27,6/14/2016 9:49,1
id0381402,1,4/21/2016 20:51,4/21/2016 21:04,2
id3607196,2,1/26/2016 11:22,1/26/2016 12:20,1
id0544194,1,6/9/2016 19:45,6/9/2016 19:51,1
id1138893,1,1/29/2016 12:21,1/29/2016 12:25,1
id0473184,2,1/14/2016 18:16,1/14/2016 18:19,6
id2672200,1,3/8/2016 10:59,3/8/2016 11:21,1
id2775619,1,1/9/2016 23:04,1/9/2016 23:19,2
id0779024,2,5/17/2016 17:32,5/17/2016 17:46,1
id2225999,2,3/17/2016 2:11,3/17/2016 2:22,2
id1001293,1,5/7/2016 1:40,5/7/2016 1:41,1
id2897593,2,6/4/2016 17:49,6/4/2016 18:01,1
id0320308,2,5/10/2016 19:15,5/10/2016 19:25,1
id0654976,2,5/21/2016 14:35,5/21/2016 14:38,1
id1378596,2,2/19/2016 18:00,2/19/2016 18:07,1
id3783986,1,6/24/2016 23:16,6/24/2016 23:25,1
id3609969,2,2/20/2016 16:13,2/20/2016 16:18,6
id0701532,1,3/17/2016 9:14,3/17/2016 9:42,1
id3887413,2,5/2/2016 8:43,5/2/2016 9:07,1
id0108955,1,5/7/2016 14:53,5/7/2016 15:03,4
id3275625,2,3/18/2016 10:28,3/18/2016 10:40,2
id3200728,2,3/3/2016 10:14,3/3/2016 10:32,1
id0965307,2,4/1/2016 2:46,4/1/2016 2:52,1
id0422722,2,5/11/2016 13:49,5/11/2016 14:12,6
id0020892,1,5/18/2016 11:50,5/18/2016 12:14,1
id2778242,1,2/13/2016 10:27,2/13/2016 10:33,1
id0851262,1,2/4/2016 14:54,2/4/2016 15:06,1
id3741701,2,6/26/2016 14:03,6/26/2016 14:48,1
id2512157,1,5/23/2016 7:50,5/23/2016 8:05,1
id1732495,2,6/17/2016 21:06,6/17/2016 21:26,2
id2742829,2,3/11/2016 23:23,3/11/2016 23:27,2
id1647735,2,6/4/2016 21:58,6/4/2016 22:13,1
id2657420,1,1/23/2016 0:06,1/23/2016 0:27,1
id1221003,2,5/22/2016 14:00,5/22/2016 14:03,2
id2930554,2,4/20/2016 11:28,4/20/2016 11:37,1
id2870933,2,4/1/2016 0:19,4/1/2016 0:22,2
id3129935,1,2/16/2016 13:48,2/16/2016 14:00,2
id0217206,2,3/24/2016 21:47,3/24/2016 21:56,1
id0249249,1,1/20/2016 1:22,1/20/2016 1:25,1
id3129705,2,1/6/2016 0:20,1/6/2016 0:24,1
id1556806,1,2/3/2016 7:23,2/3/2016 7:35,1
id2823249,2,4/12/2016 19:57,4/12/2016 20:10,1
id1937747,2,3/8/2016 7:36,3/8/2016 7:40,6
id1175263,1,4/16/2016 17:17,4/16/2016 17:29,1
id1999486,1,5/22/2016 15:55,5/22/2016 16:05,2
id1503926,1,2/11/2016 21:10,2/11/2016 21:23,1
id3885431,1,3/2/2016 23:41,3/3/2016 0:10,2
id2116614,2,4/4/2016 19:14,4/4/2016 19:17,1
id0704699,1,2/16/2016 15:51,2/16/2016 16:01,1
id0909228,1,5/8/2016 15:02,5/8/2016 15:17,1
id0846940,2,5/9/2016 14:07,5/9/2016 14:32,1
id2584470,1,6/10/2016 0:51,6/10/2016 1:07,1
id1936858,1,2/2/2016 18:16,2/2/2016 18:18,1
id2702727,1,3/4/2016 19:58,3/4/2016 20:07,1
id1074936,1,5/29/2016 23:55,5/30/2016 0:00,1
id1613182,2,2/25/2016 21:36,2/25/2016 21:56,1
id2310579,1,1/22/2016 11:11,1/22/2016 11:37,1
id3783123,2,1/25/2016 17:06,1/25/2016 17:32,5
id1979413,2,6/26/2016 18:35,6/26/2016 18:46,5
id0567555,2,1/13/2016 22:37,1/13/2016 22:53,3
id2034134,1,1/26/2016 10:10,1/26/2016 10:18,1
id3152592,2,2/25/2016 12:25,2/25/2016 12:30,2
id0856966,2,4/25/2016 10:50,4/25/2016 11:04,1
id2235544,1,1/12/2016 21:53,1/12/2016 21:57,1
id1623771,2,3/10/2016 11:33,3/10/2016 11:51,1
id3234283,2,3/21/2016 7:38,3/21/2016 7:43,1
id1559226,2,6/4/2016 16:50,6/4/2016 17:11,1
id0761430,2,6/5/2016 21:12,6/5/2016 21:19,2
id1174904,2,2/20/2016 21:20,2/20/2016 21:23,5
id2357219,2,6/8/2016 21:29,6/8/2016 21:48,1
id2560160,2,2/14/2016 10:59,2/14/2016 11:06,1
id0244490,2,3/12/2016 9:04,3/12/2016 9:26,1
id0476703,1,3/1/2016 16:31,3/1/2016 16:42,1
id0205616,2,6/20/2016 21:03,6/20/2016 21:06,1
id0015649,2,1/22/2016 23:11,1/22/2016 23:21,2
id1622754,2,2/1/2016 20:46,2/1/2016 21:20,1
id3523588,1,6/13/2016 20:56,6/13/2016 21:11,1
id0477521,1,2/19/2016 4:03,2/19/2016 4:12,1
id0132454,2,5/9/2016 14:08,5/9/2016 14:30,1
id0331003,2,4/15/2016 7:38,4/15/2016 7:41,1
id1381183,1,2/17/2016 7:30,2/17/2016 7:38,1
id3757027,2,6/5/2016 22:54,6/5/2016 23:06,1
id3843842,2,6/28/2016 23:31,6/28/2016 23:46,1
id1937195,1,6/16/2016 8:21,6/16/2016 8:44,1
id1111113,2,2/1/2016 14:47,2/1/2016 15:18,1
id2463093,2,1/17/2016 0:55,1/17/2016 1:13,1
id3514394,2,3/31/2016 12:06,3/31/2016 12:16,1
id0736521,1,4/16/2016 1:23,4/16/2016 1:29,2
id0153673,2,5/25/2016 8:00,5/25/2016 8:10,6
id0412621,1,4/9/2016 20:41,4/9/2016 20:57,1
id2084158,1,3/8/2016 11:54,3/8/2016 12:12,1
id0366084,2,5/8/2016 0:44,5/8/2016 0:50,1
id3823253,2,5/31/2016 13:40,5/31/2016 13:53,1
id2187774,2,5/19/2016 18:01,5/19/2016 18:32,3
id0564872,2,1/20/2016 19:23,1/20/2016 19:53,2
id2352567,1,4/12/2016 20:44,4/12/2016 20:58,1
id0554991,1,6/29/2016 19:57,6/29/2016 20:08,1
id2569084,1,2/5/2016 19:31,2/5/2016 19:39,1
id2807512,2,6/30/2016 16:32,6/30/2016 17:09,5
id1518507,1,4/21/2016 18:57,4/21/2016 19:19,1
id2305320,2,3/3/2016 21:41,3/3/2016 21:49,1
id3823668,2,4/25/2016 15:59,4/25/2016 16:03,3
id0037351,2,6/8/2016 19:16,6/8/2016 19:42,1
id0573653,1,4/20/2016 18:18,4/20/2016 18:36,1
id1388849,2,5/8/2016 11:28,5/8/2016 11:53,1
id1000147,2,6/10/2016 15:55,6/10/2016 15:59,1
id3033963,2,1/12/2016 0:29,1/12/2016 0:44,1
id3164647,1,3/9/2016 10:40,3/9/2016 10:48,2
id3177384,2,6/13/2016 18:15,6/13/2016 18:26,6
id2553221,1,2/16/2016 23:05,2/16/2016 23:21,2
id1904594,1,2/4/2016 12:25,2/4/2016 12:35,4
id1054281,2,1/10/2016 13:42,1/10/2016 13:53,1
id3763686,2,5/22/2016 11:48,5/22/2016 12:05,1
id1696276,1,1/5/2016 18:59,1/5/2016 19:10,3
id3908859,1,3/5/2016 0:01,3/5/2016 0:18,2
id1819147,2,1/8/2016 15:32,1/8/2016 15:42,1
id3454179,1,2/29/2016 10:38,2/29/2016 11:10,1
id0350661,1,5/22/2016 0:30,5/22/2016 1:02,2
id2426559,1,2/15/2016 19:01,2/15/2016 19:13,2
id1132903,1,5/11/2016 11:15,5/11/2016 11:48,1
id2920235,2,6/5/2016 1:00,6/5/2016 1:08,1
id2171557,2,3/13/2016 14:48,3/13/2016 15:01,4
id2826811,2,4/10/2016 21:52,4/10/2016 22:02,1
id1929994,1,5/26/2016 11:46,5/26/2016 11:55,1
id3614343,1,6/16/2016 23:42,6/16/2016 23:47,1
id0245800,2,5/12/2016 16:58,5/12/2016 17:23,5
id1212273,1,2/14/2016 17:34,2/14/2016 17:40,2
id3404596,2,3/2/2016 8:56,3/2/2016 9:05,6
id3171288,2,3/20/2016 20:31,3/20/2016 20:33,1
id2816240,1,4/17/2016 8:03,4/17/2016 8:17,1
id3505430,1,6/23/2016 20:29,6/23/2016 20:38,1
id0937319,1,2/9/2016 23:27,2/9/2016 23:30,1
id1354053,1,4/1/2016 16:30,4/1/2016 16:33,2
id3552614,1,2/26/2016 19:05,2/26/2016 19:21,1
id0194083,2,5/22/2016 21:42,5/22/2016 22:00,4
id3522352,1,3/16/2016 0:24,3/16/2016 0:34,1
id1951436,2,6/6/2016 20:02,6/6/2016 20:27,2
id2611097,2,5/27/2016 14:35,5/27/2016 15:04,1
id2623219,1,6/17/2016 8:38,6/17/2016 8:50,1
id3617577,2,3/26/2016 18:27,3/26/2016 18:33,5
id0808984,2,4/26/2016 19:52,4/26/2016 20:02,1
id3499387,1,1/25/2016 19:45,1/25/2016 19:54,1
id0265651,1,6/22/2016 16:46,6/22/2016 16:49,2
id0633954,1,4/6/2016 18:10,4/6/2016 18:42,1
id1046492,2,6/30/2016 16:44,6/30/2016 16:53,2
id3401416,2,2/14/2016 8:39,2/14/2016 8:49,1
id1213658,2,5/31/2016 21:15,5/31/2016 21:20,1
id0080798,2,6/20/2016 20:16,6/20/2016 20:26,1
id2403400,2,4/13/2016 11:27,4/13/2016 11:33,2
id3107458,1,6/23/2016 0:09,6/23/2016 0:15,1
id2833082,1,6/14/2016 9:03,6/14/2016 9:49,1
id2584444,1,4/9/2016 18:03,4/9/2016 18:11,2
id2523325,2,5/25/2016 13:42,5/25/2016 13:46,1
id3658881,2,2/23/2016 12:16,2/23/2016 12:51,2
id3084276,2,3/18/2016 19:48,3/18/2016 19:52,6
id1600477,1,5/22/2016 21:58,5/22/2016 22:11,1
id1890300,2,1/13/2016 17:57,1/13/2016 18:07,1
id0757676,1,5/25/2016 8:45,5/25/2016 8:49,1
id1818483,1,5/11/2016 0:42,5/11/2016 0:49,1
id2652837,1,4/19/2016 16:47,4/19/2016 16:54,3
id1456458,2,1/15/2016 18:42,1/15/2016 18:49,1
id2704068,2,3/5/2016 23:39,3/6/2016 0:05,1
id3955115,2,3/24/2016 17:03,3/24/2016 17:08,1
id0635524,2,4/4/2016 14:09,4/4/2016 14:33,1
id0711116,2,1/17/2016 22:47,1/17/2016 22:50,5
id1948930,2,4/23/2016 18:10,4/23/2016 18:15,1
id3480123,1,1/26/2016 17:22,1/26/2016 17:50,1
id2072841,2,6/7/2016 10:20,6/7/2016 10:43,1
id3633511,1,5/9/2016 23:05,5/9/2016 23:17,1
id2827889,1,3/19/2016 19:07,3/19/2016 19:31,2
id0556653,2,5/30/2016 13:33,5/30/2016 13:41,2
id0318778,1,2/17/2016 0:07,2/17/2016 0:50,1
id1922478,2,4/5/2016 13:18,4/5/2016 13:25,1
id1340693,1,1/8/2016 11:54,1/8/2016 11:58,1
id0461973,2,2/11/2016 12:08,2/11/2016 12:46,1
id1374613,1,4/20/2016 21:31,4/20/2016 21:53,1
id0620947,1,6/4/2016 17:36,6/4/2016 17:46,2
id0871223,1,3/14/2016 7:55,3/14/2016 8:08,1
id3631567,1,5/29/2016 1:20,5/29/2016 1:41,2
id0931156,1,6/21/2016 8:22,6/21/2016 8:36,1
id3307673,2,3/22/2016 6:31,3/22/2016 6:37,5
id1203658,2,5/21/2016 14:26,5/21/2016 14:45,1
id2695306,1,5/1/2016 2:12,5/1/2016 2:15,1
id0825711,2,6/27/2016 22:39,6/27/2016 22:52,1
id0606164,1,3/27/2016 20:05,3/27/2016 20:32,1
id0047550,1,5/17/2016 17:10,5/17/2016 17:33,1
id3770788,2,3/18/2016 19:52,3/18/2016 19:56,1
id0767781,1,5/9/2016 7:19,5/9/2016 7:28,1
id1179349,1,4/11/2016 9:31,4/11/2016 9:47,2
id0560934,1,6/13/2016 14:32,6/13/2016 15:04,1
id0972813,2,6/10/2016 9:22,6/10/2016 9:45,1
id1201454,2,1/3/2016 12:20,1/3/2016 12:23,1
id0744544,1,1/22/2016 22:44,1/22/2016 22:54,1
id0923913,2,6/3/2016 16:22,6/3/2016 16:33,1
id1761032,1,4/22/2016 9:11,4/22/2016 9:44,1
id1554407,2,1/20/2016 18:32,1/20/2016 18:47,2
id2438420,1,4/21/2016 18:59,4/21/2016 19:05,1
id1298927,2,4/3/2016 20:50,4/3/2016 20:58,1
id1256991,2,2/20/2016 0:59,2/20/2016 1:06,1
id0983980,1,6/4/2016 18:24,6/4/2016 18:37,1
id2456902,1,3/29/2016 7:14,3/29/2016 7:27,1
id1714757,1,4/3/2016 23:16,4/3/2016 23:31,4
id1014588,1,5/14/2016 21:52,5/14/2016 22:21,4
id1003405,2,6/2/2016 14:32,6/2/2016 14:46,6
id3885767,1,2/17/2016 17:20,2/17/2016 17:51,2
id2022146,2,1/25/2016 17:51,1/25/2016 18:06,1
id0885168,2,6/2/2016 21:44,6/2/2016 21:59,1
id3027389,1,5/6/2016 19:54,5/6/2016 19:59,1
id2772572,1,6/11/2016 1:32,6/11/2016 1:46,1
id3025140,2,5/27/2016 14:46,5/27/2016 14:50,2
id2862186,2,2/23/2016 8:00,2/23/2016 8:23,2
id1309210,1,1/26/2016 10:50,1/26/2016 11:03,1
id1928326,1,5/1/2016 3:54,5/1/2016 3:58,1
id3697489,1,1/13/2016 13:53,1/13/2016 14:08,1
id1790044,2,6/17/2016 7:47,6/17/2016 7:59,5
id1887303,2,1/5/2016 21:25,1/5/2016 21:35,1
id1978546,2,3/6/2016 14:34,3/6/2016 14:45,1
id1216848,2,4/17/2016 21:37,4/17/2016 21:56,5
id1088749,1,5/16/2016 12:18,5/16/2016 12:33,1
id1043917,2,6/16/2016 20:26,6/16/2016 20:52,1
id3923685,1,2/7/2016 1:50,2/7/2016 2:01,1
id1683694,1,5/7/2016 23:43,5/7/2016 23:50,3
id1715659,2,5/24/2016 20:22,5/24/2016 20:28,3
id0136242,1,1/11/2016 10:58,1/11/2016 11:10,1
id0408653,1,3/10/2016 22:43,3/10/2016 23:07,1
id2995631,2,6/28/2016 18:07,6/28/2016 18:20,1
id2024551,2,2/5/2016 9:33,2/5/2016 9:50,1
id0000967,2,2/27/2016 15:30,2/27/2016 15:35,1
id2674024,1,3/26/2016 14:43,3/26/2016 15:07,2
id2062480,2,2/4/2016 20:38,2/4/2016 21:10,1
id2039685,1,3/21/2016 22:02,3/21/2016 22:10,1
id1816342,2,1/19/2016 17:56,1/19/2016 18:11,1
id1537510,2,3/26/2016 8:19,3/26/2016 8:31,5
id3382236,2,1/23/2016 10:38,1/23/2016 10:44,5
id0984462,1,3/9/2016 14:47,3/9/2016 14:56,1
id3041176,2,5/13/2016 1:30,5/13/2016 1:42,2
id3358294,2,2/23/2016 16:35,2/23/2016 17:02,1
id0129235,1,3/5/2016 13:05,3/5/2016 13:16,2
id0965422,2,6/16/2016 17:05,6/16/2016 17:12,2
id0183040,2,6/4/2016 23:41,6/4/2016 23:50,2
id2699058,1,3/24/2016 19:42,3/24/2016 19:54,1
id3967576,1,4/7/2016 4:09,4/7/2016 4:17,1
id1497574,2,3/1/2016 18:42,3/1/2016 18:46,6
id3147615,2,5/10/2016 16:57,5/10/2016 17:04,3
id3765697,2,2/16/2016 19:57,2/16/2016 20:09,2
id3461680,2,6/1/2016 12:03,6/1/2016 12:36,1
id3855917,2,5/15/2016 1:15,5/15/2016 1:24,1
id1920009,1,3/7/2016 18:56,3/7/2016 19:14,1
id3581820,2,6/26/2016 1:28,6/26/2016 1:38,1
id3769681,1,3/18/2016 21:38,3/18/2016 21:46,2
id1122575,1,2/19/2016 11:26,2/19/2016 11:28,3
id3834849,1,4/26/2016 12:34,4/26/2016 12:43,1
id0498324,1,6/5/2016 15:19,6/5/2016 15:31,1
id2587992,1,6/15/2016 18:34,6/15/2016 19:15,1
id0801359,2,4/23/2016 23:31,4/23/2016 23:55,1
id2735670,2,1/30/2016 19:30,1/30/2016 19:33,6
id2941300,2,1/21/2016 7:27,1/21/2016 7:34,1
id3775412,2,2/22/2016 21:35,2/22/2016 21:40,1
id3452332,2,6/6/2016 18:59,6/6/2016 19:10,1
id2598729,2,3/5/2016 17:47,3/5/2016 17:51,1
id2762003,2,5/1/2016 11:22,5/1/2016 11:32,5
id3602048,1,1/2/2016 9:05,1/2/2016 9:21,1
id0159709,2,4/17/2016 8:42,4/17/2016 8:46,1
id0571618,1,5/30/2016 13:08,5/30/2016 13:15,2
id1454947,1,6/4/2016 23:43,6/4/2016 23:51,1
id1447105,1,2/1/2016 14:43,2/1/2016 14:52,1
id3914400,2,3/30/2016 8:31,3/30/2016 8:38,5
id2824917,2,6/30/2016 18:23,6/30/2016 18:33,6
id1922839,2,2/3/2016 18:49,2/3/2016 18:52,5
id1517243,2,4/28/2016 19:34,4/28/2016 19:52,1
id3066170,1,1/15/2016 14:54,1/15/2016 14:59,1
id1169619,1,4/18/2016 15:03,4/18/2016 15:20,4
id0944696,2,6/20/2016 17:25,6/20/2016 17:34,5
id2047925,1,6/22/2016 15:52,6/22/2016 16:16,1
id3471092,2,3/17/2016 18:12,3/17/2016 18:37,6
id1766678,1,1/10/2016 0:01,1/10/2016 0:11,1
id2018005,2,4/17/2016 1:44,4/17/2016 2:24,1
id0770935,2,6/2/2016 18:55,6/2/2016 19:01,2
id1437834,2,5/3/2016 10:28,5/3/2016 11:17,2
id2432732,2,1/11/2016 14:24,1/11/2016 14:29,1
id3077475,2,4/9/2016 18:27,4/9/2016 18:32,1
id3263580,2,5/21/2016 12:46,5/21/2016 12:46,2
id2590470,2,6/7/2016 11:40,6/7/2016 12:05,2
id3817092,1,3/20/2016 22:11,3/20/2016 22:28,1
id3918159,1,3/21/2016 17:43,3/21/2016 17:53,1
id1026973,1,6/25/2016 21:53,6/25/2016 22:05,1
id0972338,1,4/28/2016 8:47,4/28/2016 8:50,2
id0831844,1,4/16/2016 17:45,4/16/2016 17:52,1
id3964626,2,4/3/2016 13:16,4/3/2016 13:54,1
id2386155,2,1/24/2016 12:42,1/24/2016 12:54,1
id1272729,2,4/24/2016 1:59,4/24/2016 2:10,5
id2576834,2,6/2/2016 20:47,6/2/2016 21:03,1
id2730154,2,3/29/2016 22:39,3/29/2016 22:40,5
id1872397,1,6/5/2016 11:44,6/5/2016 11:56,1
id3223960,1,2/2/2016 19:37,2/2/2016 19:54,1
id1911726,1,5/17/2016 0:20,5/17/2016 0:30,1
id1160246,1,5/14/2016 3:56,5/14/2016 4:00,1
id2061313,2,5/21/2016 12:55,5/21/2016 13:07,1
id3308583,2,3/4/2016 11:34,3/4/2016 12:01,1
id1458308,2,3/23/2016 7:36,3/23/2016 7:53,1
id2029339,2,1/22/2016 14:13,1/22/2016 15:15,1
id3995989,2,4/22/2016 21:47,4/22/2016 22:00,2
id0533499,2,6/24/2016 11:26,6/24/2016 11:41,1
id3779756,1,6/12/2016 16:07,6/12/2016 16:40,1
id2768742,2,1/28/2016 6:44,1/28/2016 6:59,1
id2425126,2,1/10/2016 19:44,1/10/2016 19:54,1
id1676102,1,1/19/2016 20:41,1/19/2016 20:46,1
id2243401,1,3/30/2016 7:07,3/30/2016 7:25,1
id0835080,2,4/9/2016 13:10,4/9/2016 13:25,2
id3140569,2,3/18/2016 0:07,3/18/2016 0:21,2
id2448137,2,3/11/2016 23:57,3/12/2016 0:08,1
id3250285,2,1/11/2016 6:51,1/11/2016 6:58,1
id0941676,1,4/26/2016 21:23,4/26/2016 21:33,1
id0819471,2,2/11/2016 21:53,2/11/2016 22:04,5
id1053165,2,3/9/2016 15:50,3/9/2016 15:58,1
id2067435,1,3/26/2016 19:26,3/26/2016 19:43,1
id0048064,2,3/18/2016 8:48,3/18/2016 9:03,4
id3076182,1,6/19/2016 1:41,6/19/2016 1:53,1
id2624983,2,3/21/2016 15:11,3/21/2016 15:16,6
id3211344,1,1/16/2016 2:13,1/16/2016 2:16,1
id0447228,2,3/16/2016 12:14,3/16/2016 12:19,1
id2804134,1,4/17/2016 10:12,4/17/2016 10:15,1
id0780314,1,4/1/2016 19:24,4/1/2016 19:26,1
id2300050,1,3/8/2016 19:05,3/8/2016 19:38,2
id0632183,1,2/10/2016 20:12,2/10/2016 20:19,1
id3739543,1,3/17/2016 6:26,3/17/2016 6:33,1
id2401419,2,3/4/2016 21:35,3/4/2016 21:44,2
id2987313,2,1/1/2016 9:47,1/1/2016 9:49,1
id1804145,1,2/27/2016 16:37,2/27/2016 16:53,1
id2377925,2,6/12/2016 1:24,6/12/2016 1:33,1
id3560802,2,2/12/2016 15:14,2/12/2016 15:24,2
id0183870,2,3/2/2016 10:07,3/2/2016 10:13,1
id1757289,1,6/17/2016 20:17,6/17/2016 20:35,1
id1056653,2,1/19/2016 9:41,1/19/2016 9:58,1
id0326349,1,4/25/2016 8:19,4/25/2016 8:38,1
id1859727,2,2/9/2016 7:35,2/9/2016 7:42,1
id0769422,1,2/4/2016 22:12,2/4/2016 22:30,1
id2800526,2,2/5/2016 12:31,2/5/2016 12:38,1
id0904672,2,2/21/2016 18:21,2/21/2016 18:31,1
id0060684,2,1/11/2016 9:11,1/11/2016 9:21,6
id3712759,2,4/21/2016 6:53,4/21/2016 7:04,2
id1853128,1,1/13/2016 18:38,1/13/2016 18:46,1
id3675063,2,5/8/2016 15:30,5/8/2016 15:39,1
id0234320,2,6/9/2016 14:53,6/9/2016 15:22,2
id3969005,1,3/8/2016 10:03,3/8/2016 10:12,1
id2528829,1,6/12/2016 16:41,6/12/2016 16:52,1
id0599523,1,3/27/2016 18:21,3/27/2016 18:35,4
id2503542,1,6/1/2016 20:17,6/1/2016 20:32,1
id2663024,1,5/4/2016 14:55,5/4/2016 15:05,3
id2694422,2,6/22/2016 5:48,6/22/2016 6:04,6
id1976927,1,5/9/2016 8:41,5/9/2016 9:02,1
id0843100,1,1/27/2016 17:02,1/27/2016 17:13,1
id3151483,1,6/2/2016 12:36,6/2/2016 12:46,2
id1085643,1,4/7/2016 7:48,4/7/2016 7:57,1
id2388028,2,1/20/2016 19:36,1/20/2016 19:56,2
id3128481,2,2/21/2016 2:22,2/21/2016 2:45,1
id3137071,1,4/11/2016 9:20,4/11/2016 9:32,1
id0283582,2,5/16/2016 16:07,5/16/2016 16:15,1
id2351647,1,5/20/2016 18:54,5/20/2016 19:04,1
id2342055,2,3/16/2016 20:08,3/16/2016 20:24,2
id3207287,2,4/29/2016 9:05,4/29/2016 9:11,1
id3137021,1,1/18/2016 11:44,1/18/2016 11:48,1
id0059372,1,2/25/2016 17:23,2/25/2016 17:29,1
id1009360,2,1/14/2016 15:08,1/14/2016 15:12,1
id0866826,2,1/13/2016 11:33,1/13/2016 11:34,2
id3203355,2,6/15/2016 18:23,6/15/2016 18:31,5
id3796995,2,5/19/2016 18:06,5/19/2016 18:11,1
id2370080,2,5/17/2016 8:04,5/17/2016 8:11,3
id2892400,1,3/3/2016 7:45,3/3/2016 7:52,1
id2051212,2,1/22/2016 9:04,1/22/2016 9:15,1
id1678366,1,6/28/2016 17:55,6/28/2016 18:30,1
id0862941,2,1/11/2016 18:06,1/11/2016 18:12,1
id0469159,2,2/23/2016 18:57,2/23/2016 19:04,5
id1946987,2,6/5/2016 23:34,6/5/2016 23:56,2
id0098171,2,1/21/2016 10:29,1/21/2016 10:38,1
id3451821,2,3/18/2016 20:21,3/18/2016 20:33,1
id2573202,1,2/11/2016 22:22,2/11/2016 22:31,2
id3340409,2,1/27/2016 6:38,1/27/2016 6:52,1
id3591396,2,3/27/2016 22:46,3/27/2016 22:55,2
id1864783,2,5/6/2016 18:59,5/6/2016 19:39,2
id1201558,1,6/5/2016 18:07,6/5/2016 18:11,1
id1462654,1,2/14/2016 17:29,2/14/2016 17:35,1
id0047649,1,6/6/2016 21:04,6/6/2016 21:32,4
id0005214,2,3/26/2016 21:39,3/26/2016 21:52,2
id3878193,2,2/7/2016 0:56,2/7/2016 1:04,5
id2553871,1,5/1/2016 18:40,5/1/2016 18:45,1
id1527619,1,1/1/2016 3:20,1/1/2016 3:43,1
id3813398,1,3/22/2016 22:35,3/22/2016 22:41,1
id0112070,2,4/30/2016 22:03,4/30/2016 22:06,2
id0054578,1,6/8/2016 21:42,6/8/2016 21:52,1
id3570508,1,3/15/2016 10:21,3/15/2016 10:41,2
id2952272,2,4/27/2016 9:28,4/27/2016 9:42,1
id3413393,2,1/25/2016 21:40,1/25/2016 21:46,1
id0823435,2,3/19/2016 1:20,3/19/2016 1:37,1
id0606104,2,6/24/2016 1:03,6/24/2016 1:15,6
id2814984,1,6/2/2016 16:48,6/2/2016 16:58,1
id3878816,2,4/17/2016 2:25,4/17/2016 2:34,5
id1942347,1,1/4/2016 18:17,1/4/2016 18:22,1
id1207558,1,5/12/2016 21:55,5/12/2016 22:21,1
id2019893,2,4/26/2016 6:11,4/26/2016 6:17,3
id2575446,1,6/19/2016 9:55,6/19/2016 10:03,2
id0394946,1,3/16/2016 23:06,3/16/2016 23:16,1
id1868530,1,5/20/2016 19:01,5/20/2016 19:23,1
id2087588,2,5/3/2016 18:50,5/3/2016 19:03,5
id0731416,2,6/16/2016 11:11,6/16/2016 11:40,1
id3133710,1,3/19/2016 22:09,3/19/2016 22:13,1
id0382926,2,5/26/2016 19:22,5/26/2016 19:34,1
id1632403,1,6/21/2016 22:22,6/21/2016 22:26,1
id1507942,1,1/10/2016 17:54,1/10/2016 18:07,1
id1751730,1,5/29/2016 21:37,5/29/2016 21:59,1
id2969048,1,3/15/2016 22:56,3/15/2016 23:01,2
id3044235,2,3/19/2016 21:09,3/19/2016 21:18,1
id3105039,2,3/24/2016 18:30,3/24/2016 18:32,2
id2299069,2,4/8/2016 0:26,4/8/2016 0:35,4
id1772192,1,3/20/2016 19:25,3/20/2016 20:01,1
id3579210,2,1/25/2016 21:05,1/25/2016 22:01,1
id2470556,2,6/25/2016 11:01,6/25/2016 11:18,1
id3660750,2,6/16/2016 14:10,6/16/2016 14:15,1
id0627179,2,2/5/2016 5:48,2/5/2016 5:56,6
id2743455,2,3/17/2016 20:33,3/17/2016 20:40,2
id3481094,1,4/18/2016 17:23,4/18/2016 17:27,1
id1240888,1,2/19/2016 12:29,2/19/2016 12:40,1
id1850357,2,3/13/2016 19:38,3/13/2016 19:52,1
id1282615,2,5/1/2016 11:49,5/1/2016 11:54,2
id3600299,1,1/18/2016 15:52,1/18/2016 16:01,3
id0015493,1,6/12/2016 5:11,6/12/2016 5:52,1
id0671052,1,4/24/2016 0:19,4/24/2016 0:25,2
id0702699,2,1/4/2016 21:09,1/4/2016 21:19,1
id0862403,2,4/8/2016 7:05,4/8/2016 7:19,1
id1442956,2,1/12/2016 9:07,1/12/2016 9:30,5
id1859156,1,2/17/2016 0:54,2/17/2016 1:36,3
id1774111,1,6/16/2016 8:38,6/16/2016 8:45,1
id1333989,1,4/11/2016 10:59,4/11/2016 11:05,1
id3812910,2,5/25/2016 13:50,5/25/2016 13:59,1
id3740726,1,5/20/2016 10:53,5/20/2016 11:15,2
id3030554,1,1/26/2016 2:01,1/26/2016 2:24,1
id2891699,2,3/17/2016 11:51,3/17/2016 12:09,5
id3498529,1,2/24/2016 16:25,2/24/2016 16:30,1
id0244668,1,2/13/2016 21:41,2/13/2016 21:53,4
id1963642,1,3/29/2016 14:46,3/29/2016 15:06,1
id1913200,1,4/26/2016 8:25,4/26/2016 8:52,1
id3877674,1,2/9/2016 20:42,2/9/2016 21:06,1
id3892641,1,5/9/2016 20:18,5/9/2016 20:26,1
id2287030,2,4/2/2016 0:00,4/2/2016 0:03,2
id0838992,2,3/21/2016 12:58,3/21/2016 13:06,1
id2551093,1,5/8/2016 10:59,5/8/2016 11:07,1
id0721660,1,2/29/2016 21:32,2/29/2016 21:37,1
id3039752,1,4/14/2016 15:08,4/14/2016 15:56,1
id3808632,1,2/5/2016 3:41,2/5/2016 3:59,1
id3921267,2,4/14/2016 23:10,4/14/2016 23:24,1
id1723554,2,6/14/2016 7:46,6/14/2016 8:11,1
id3431423,1,4/12/2016 15:11,4/12/2016 15:48,1
id0057906,1,3/18/2016 22:54,3/18/2016 23:06,1
id3003058,1,5/8/2016 2:32,5/8/2016 3:07,1
id3447978,2,5/16/2016 2:14,5/16/2016 2:35,1
id0292522,1,5/2/2016 11:09,5/2/2016 11:12,1
id0874521,2,5/1/2016 15:08,5/1/2016 15:20,5
id1281190,1,2/8/2016 19:05,2/8/2016 19:10,1
id0097914,1,4/10/2016 1:19,4/10/2016 1:23,1
id0824172,2,6/2/2016 14:21,6/2/2016 14:33,1
id2878643,1,6/14/2016 14:22,6/14/2016 14:29,1
id2048446,1,5/27/2016 23:10,5/27/2016 23:17,1
id1409321,2,2/3/2016 14:53,2/3/2016 14:59,5
id3175157,2,5/9/2016 1:47,5/9/2016 2:16,1
id3194388,1,6/2/2016 6:12,6/2/2016 6:19,1
id0822165,2,5/7/2016 14:08,5/7/2016 14:17,6
id3613138,1,2/7/2016 19:11,2/7/2016 19:22,2
id3647586,1,2/9/2016 14:19,2/9/2016 14:24,2
id2063770,2,2/24/2016 21:27,2/24/2016 21:37,1
id3922970,2,4/22/2016 18:23,4/22/2016 18:29,1
id1211472,1,5/12/2016 14:11,5/12/2016 15:03,1
id1649629,1,1/2/2016 11:52,1/2/2016 11:58,1
id2449460,1,2/4/2016 23:28,2/4/2016 23:37,1
id2585409,2,4/6/2016 11:23,4/6/2016 11:37,3
id0382265,1,2/2/2016 21:39,2/2/2016 21:47,1
id3890985,2,6/2/2016 10:46,6/2/2016 11:14,2
id3294103,2,6/7/2016 19:46,6/7/2016 19:52,1
id3015936,2,4/8/2016 11:42,4/8/2016 12:05,1
id1241025,2,6/6/2016 10:28,6/6/2016 10:54,1
id0827964,1,4/17/2016 14:13,4/17/2016 14:31,1
id3977623,1,1/15/2016 15:08,1/15/2016 15:23,1
id1905877,1,4/15/2016 22:22,4/15/2016 22:27,2
id3963944,2,3/7/2016 19:16,3/7/2016 19:20,6
id2522484,2,5/7/2016 17:49,5/7/2016 17:59,4
id0438249,2,2/24/2016 7:45,2/24/2016 8:17,2
id1963796,2,4/27/2016 9:29,4/27/2016 9:40,1
id0627431,1,3/26/2016 17:02,3/26/2016 17:13,1
id2306610,1,2/25/2016 17:08,2/25/2016 17:11,1
id1266110,1,3/8/2016 14:00,3/8/2016 14:10,1
id1739324,2,1/12/2016 19:29,1/12/2016 19:42,5
id1033335,1,3/9/2016 22:00,3/9/2016 22:12,1
id0940927,2,6/23/2016 12:37,6/23/2016 13:08,5
id3273389,1,5/1/2016 7:18,5/1/2016 7:30,3
id3787692,2,5/24/2016 10:50,5/24/2016 11:00,6
id1345342,1,5/22/2016 0:17,5/22/2016 0:33,2
id0601012,2,1/22/2016 22:20,1/22/2016 22:30,2
id0631822,2,5/17/2016 14:17,5/17/2016 15:26,1
id1707647,2,2/13/2016 19:07,2/13/2016 19:11,1
id1591402,2,2/24/2016 11:37,2/24/2016 11:43,6
